rank,team,disparity_ratio
1,uae,1.4633726140884895
2,usa,1.3964370496141545
3,saudi_arabia,1.3567270728835068
4,rwanda,1.3437563873124252
5,france,1.3339178271963312
6,iceland,1.3297177901674682
7,guatemala,1.234429662548234
8,new_zealand,1.223075177954643
9,peru,1.21760008792341
10,india,1.1718380416362657
